<?xml version="1.0" encoding="UTF-8"?>
<GenRun Id="impl_1" LaunchPart="xc7a35tcsg324-1" LaunchTime="1623810234">
  <File Type="BITSTR-BMM" Name="Key_bd.bmm"/>
  <File Type="OPT-METHODOLOGY-DRC" Name="Key_methodology_drc_opted.rpt"/>
  <File Type="INIT-TIMING" Name="Key_timing_summary_init.rpt"/>
  <File Type="ROUTE-PWR" Name="Key_power_routed.rpt"/>
  <File Type="PA-TCL" Name="Key.tcl"/>
  <File Type="OPT-TIMING" Name="Key_timing_summary_opted.rpt"/>
  <File Type="OPT-DCP" Name="Key_opt.dcp"/>
  <File Type="ROUTE-PWR-SUM" Name="Key_power_summary_routed.pb"/>
  <File Type="REPORTS-TCL" Name="Key_reports.tcl"/>
  <File Type="OPT-DRC" Name="Key_drc_opted.rpt"/>
  <File Type="OPT-HWDEF" Name="Key.hwdef"/>
  <File Type="PWROPT-DCP" Name="Key_pwropt.dcp"/>
  <File Type="PWROPT-DRC" Name="Key_drc_pwropted.rpt"/>
  <File Type="PWROPT-TIMING" Name="Key_timing_summary_pwropted.rpt"/>
  <File Type="PLACE-DCP" Name="Key_placed.dcp"/>
  <File Type="PLACE-IO" Name="Key_io_placed.rpt"/>
  <File Type="PLACE-CLK" Name="Key_clock_utilization_placed.rpt"/>
  <File Type="PLACE-UTIL" Name="Key_utilization_placed.rpt"/>
  <File Type="PLACE-UTIL-PB" Name="Key_utilization_placed.pb"/>
  <File Type="PLACE-CTRL" Name="Key_control_sets_placed.rpt"/>
  <File Type="PLACE-SIMILARITY" Name="Key_incremental_reuse_placed.rpt"/>
  <File Type="PLACE-PRE-SIMILARITY" Name="Key_incremental_reuse_pre_placed.rpt"/>
  <File Type="PLACE-TIMING" Name="Key_timing_summary_placed.rpt"/>
  <File Type="POSTPLACE-PWROPT-DCP" Name="Key_postplace_pwropt.dcp"/>
  <File Type="BG-BIN" Name="Key.bin"/>
  <File Type="POSTPLACE-PWROPT-TIMING" Name="Key_timing_summary_postplace_pwropted.rpt"/>
  <File Type="PHYSOPT-DCP" Name="Key_physopt.dcp"/>
  <File Type="PHYSOPT-DRC" Name="Key_drc_physopted.rpt"/>
  <File Type="BITSTR-MSK" Name="Key.msk"/>
  <File Type="PHYSOPT-TIMING" Name="Key_timing_summary_physopted.rpt"/>
  <File Type="ROUTE-ERROR-DCP" Name="Key_routed_error.dcp"/>
  <File Type="ROUTE-DCP" Name="Key_routed.dcp"/>
  <File Type="ROUTE-BLACKBOX-DCP" Name="Key_routed_bb.dcp"/>
  <File Type="ROUTE-DRC" Name="Key_drc_routed.rpt"/>
  <File Type="ROUTE-DRC-PB" Name="Key_drc_routed.pb"/>
  <File Type="ROUTE-DRC-RPX" Name="Key_drc_routed.rpx"/>
  <File Type="BITSTR-MMI" Name="Key.mmi"/>
  <File Type="ROUTE-METHODOLOGY-DRC" Name="Key_methodology_drc_routed.rpt"/>
  <File Type="ROUTE-METHODOLOGY-DRC-RPX" Name="Key_methodology_drc_routed.rpx"/>
  <File Type="ROUTE-METHODOLOGY-DRC-PB" Name="Key_methodology_drc_routed.pb"/>
  <File Type="ROUTE-PWR-RPX" Name="Key_power_routed.rpx"/>
  <File Type="ROUTE-STATUS" Name="Key_route_status.rpt"/>
  <File Type="ROUTE-STATUS-PB" Name="Key_route_status.pb"/>
  <File Type="ROUTE-TIMINGSUMMARY" Name="Key_timing_summary_routed.rpt"/>
  <File Type="ROUTE-TIMING-PB" Name="Key_timing_summary_routed.pb"/>
  <File Type="ROUTE-TIMING-RPX" Name="Key_timing_summary_routed.rpx"/>
  <File Type="ROUTE-SIMILARITY" Name="Key_incremental_reuse_routed.rpt"/>
  <File Type="ROUTE-CLK" Name="Key_clock_utilization_routed.rpt"/>
  <File Type="ROUTE-BUS-SKEW" Name="Key_bus_skew_routed.rpt"/>
  <File Type="ROUTE-BUS-SKEW-PB" Name="Key_bus_skew_routed.pb"/>
  <File Type="ROUTE-BUS-SKEW-RPX" Name="Key_bus_skew_routed.rpx"/>
  <File Type="POSTROUTE-PHYSOPT-DCP" Name="Key_postroute_physopt.dcp"/>
  <File Type="POSTROUTE-PHYSOPT-BLACKBOX-DCP" Name="Key_postroute_physopt_bb.dcp"/>
  <File Type="POSTROUTE-PHYSOPT-TIMING" Name="Key_timing_summary_postroute_physopted.rpt"/>
  <File Type="POSTROUTE-PHYSOPT-TIMING-PB" Name="Key_timing_summary_postroute_physopted.pb"/>
  <File Type="POSTROUTE-PHYSOPT-TIMING-RPX" Name="Key_timing_summary_postroute_physopted.rpx"/>
  <File Type="POSTROUTE-PHYSOPT-BUS-SKEW" Name="Key_bus_skew_postroute_physopted.rpt"/>
  <File Type="POSTROUTE-PHYSOPT-BUS-SKEW-PB" Name="Key_bus_skew_postroute_physopted.pb"/>
  <File Type="BG-BIT" Name="Key.bit"/>
  <File Type="POSTROUTE-PHYSOPT-BUS-SKEW-RPX" Name="Key_bus_skew_postroute_physopted.rpx"/>
  <File Type="BITSTR-RBT" Name="Key.rbt"/>
  <File Type="BITSTR-NKY" Name="Key.nky"/>
  <File Type="PDI-FILE" Name="Key.pdi"/>
  <File Type="RCFI_FILE" Name="Key.rcfi"/>
  <File Type="CFI_FILE" Name="Key.cfi"/>
  <File Type="RNPI_FILE" Name="Key.rnpi"/>
  <File Type="NPI_FILE" Name="Key.npi"/>
  <File Type="RBD_FILE" Name="Key.rbd"/>
  <File Type="BITSTR-LTX" Name="debug_nets.ltx"/>
  <File Type="BITSTR-LTX" Name="Key.ltx"/>
  <File Type="BITSTR-SYSDEF" Name="Key.sysdef"/>
  <File Type="BG-BGN" Name="Key.bgn"/>
  <File Type="BG-DRC" Name="Key.drc"/>
  <File Type="RDI-RDI" Name="Key.vdi"/>
  <File Type="WBT-USG" Name="usage_statistics_webtalk.html"/>
  <FileSet Name="sources" Type="DesignSrcs" RelSrcDir="$PSRCDIR/sources_1" RelGenDir="$PGENDIR/sources_1">
    <Filter Type="Srcs"/>
    <File Path="$PSRCDIR/sources_1/new/led.v">
      <FileInfo>
        <Attr Name="UsedIn" Val="synthesis"/>
        <Attr Name="UsedIn" Val="implementation"/>
        <Attr Name="UsedIn" Val="simulation"/>
      </FileInfo>
    </File>
    <File Path="$PPRDIR/0501StopWatch.src/number.v">
      <FileInfo>
        <Attr Name="UsedIn" Val="synthesis"/>
        <Attr Name="UsedIn" Val="implementation"/>
        <Attr Name="UsedIn" Val="simulation"/>
      </FileInfo>
    </File>
    <File Path="$PPRDIR/0501StopWatch.src/Key.v">
      <FileInfo>
        <Attr Name="UsedIn" Val="synthesis"/>
        <Attr Name="UsedIn" Val="implementation"/>
        <Attr Name="UsedIn" Val="simulation"/>
      </FileInfo>
    </File>
    <Config>
      <Option Name="DesignMode" Val="RTL"/>
      <Option Name="TopModule" Val="Key"/>
      <Option Name="TopAutoSet" Val="TRUE"/>
    </Config>
  </FileSet>
  <FileSet Name="constrs_in" Type="Constrs" RelSrcDir="$PSRCDIR/constrs_1">
    <Filter Type="Constrs"/>
    <File Path="$PPRDIR/0501StopWatch.src/constrs_1/new/number8.xdc">
      <FileInfo>
        <Attr Name="UsedIn" Val="synthesis"/>
        <Attr Name="UsedIn" Val="implementation"/>
      </FileInfo>
    </File>
    <Config>
      <Option Name="TargetConstrsFile" Val="$PPRDIR/0501StopWatch.src/constrs_1/new/number8.xdc"/>
      <Option Name="ConstrsType" Val="XDC"/>
    </Config>
  </FileSet>
  <FileSet Name="utils" Type="Utils" RelSrcDir="$PSRCDIR/utils_1">
    <Filter Type="Utils"/>
    <Config>
      <Option Name="TopAutoSet" Val="TRUE"/>
    </Config>
  </FileSet>
  <Strategy Version="1" Minor="2">
    <StratHandle Name="Vivado Implementation Defaults" Flow="Vivado Implementation 2020"/>
    <Step Id="init_design"/>
    <Step Id="opt_design"/>
    <Step Id="power_opt_design"/>
    <Step Id="place_design"/>
    <Step Id="post_place_power_opt_design"/>
    <Step Id="phys_opt_design"/>
    <Step Id="route_design"/>
    <Step Id="post_route_phys_opt_design"/>
    <Step Id="write_bitstream">
      <Option Id="BinFile">1</Option>
    </Step>
  </Strategy>
</GenRun>
