<?xml version="1.0" encoding="UTF-8"?>
<GenRun Id="impl_1" LaunchPart="xc7a35tcsg324-1" LaunchTime="1623202291">
  <File Type="OPT-HWDEF" Name="Send.hwdef"/>
  <File Type="ROUTE-BUS-SKEW" Name="Send_bus_skew_routed.rpt"/>
  <File Type="PA-DCP" Name="Send.dcp"/>
  <File Type="BITSTR-BMM" Name="Send_bd.bmm"/>
  <File Type="OPT-METHODOLOGY-DRC" Name="Send_methodology_drc_opted.rpt"/>
  <File Type="INIT-TIMING" Name="Send_timing_summary_init.rpt"/>
  <File Type="ROUTE-PWR" Name="Send_power_routed.rpt"/>
  <File Type="PA-TCL" Name="Send.tcl"/>
  <File Type="OPT-TIMING" Name="Send_timing_summary_opted.rpt"/>
  <File Type="OPT-DCP" Name="Send_opt.dcp"/>
  <File Type="ROUTE-PWR-SUM" Name="Send_power_summary_routed.pb"/>
  <File Type="REPORTS-TCL" Name="Send_reports.tcl"/>
  <File Type="OPT-DRC" Name="Send_drc_opted.rpt"/>
  <File Type="PWROPT-DCP" Name="Send_pwropt.dcp"/>
  <File Type="PWROPT-DRC" Name="Send_drc_pwropted.rpt"/>
  <File Type="PWROPT-TIMING" Name="Send_timing_summary_pwropted.rpt"/>
  <File Type="PLACE-DCP" Name="Send_placed.dcp"/>
  <File Type="PLACE-IO" Name="Send_io_placed.rpt"/>
  <File Type="PLACE-CLK" Name="Send_clock_utilization_placed.rpt"/>
  <File Type="PLACE-UTIL" Name="Send_utilization_placed.rpt"/>
  <File Type="PLACE-UTIL-PB" Name="Send_utilization_placed.pb"/>
  <File Type="PLACE-CTRL" Name="Send_control_sets_placed.rpt"/>
  <File Type="PLACE-SIMILARITY" Name="Send_incremental_reuse_placed.rpt"/>
  <File Type="PLACE-PRE-SIMILARITY" Name="Send_incremental_reuse_pre_placed.rpt"/>
  <File Type="PLACE-TIMING" Name="Send_timing_summary_placed.rpt"/>
  <File Type="POSTPLACE-PWROPT-DCP" Name="Send_postplace_pwropt.dcp"/>
  <File Type="BG-BIN" Name="Send.bin"/>
  <File Type="POSTPLACE-PWROPT-TIMING" Name="Send_timing_summary_postplace_pwropted.rpt"/>
  <File Type="PHYSOPT-DCP" Name="Send_physopt.dcp"/>
  <File Type="PHYSOPT-DRC" Name="Send_drc_physopted.rpt"/>
  <File Type="BITSTR-MSK" Name="Send.msk"/>
  <File Type="PHYSOPT-TIMING" Name="Send_timing_summary_physopted.rpt"/>
  <File Type="ROUTE-ERROR-DCP" Name="Send_routed_error.dcp"/>
  <File Type="ROUTE-DCP" Name="Send_routed.dcp"/>
  <File Type="ROUTE-BLACKBOX-DCP" Name="Send_routed_bb.dcp"/>
  <File Type="ROUTE-DRC" Name="Send_drc_routed.rpt"/>
  <File Type="ROUTE-DRC-PB" Name="Send_drc_routed.pb"/>
  <File Type="ROUTE-DRC-RPX" Name="Send_drc_routed.rpx"/>
  <File Type="BITSTR-MMI" Name="Send.mmi"/>
  <File Type="ROUTE-METHODOLOGY-DRC" Name="Send_methodology_drc_routed.rpt"/>
  <File Type="ROUTE-METHODOLOGY-DRC-RPX" Name="Send_methodology_drc_routed.rpx"/>
  <File Type="ROUTE-METHODOLOGY-DRC-PB" Name="Send_methodology_drc_routed.pb"/>
  <File Type="ROUTE-PWR-RPX" Name="Send_power_routed.rpx"/>
  <File Type="ROUTE-STATUS" Name="Send_route_status.rpt"/>
  <File Type="ROUTE-STATUS-PB" Name="Send_route_status.pb"/>
  <File Type="ROUTE-TIMINGSUMMARY" Name="Send_timing_summary_routed.rpt"/>
  <File Type="ROUTE-TIMING-PB" Name="Send_timing_summary_routed.pb"/>
  <File Type="ROUTE-TIMING-RPX" Name="Send_timing_summary_routed.rpx"/>
  <File Type="ROUTE-SIMILARITY" Name="Send_incremental_reuse_routed.rpt"/>
  <File Type="ROUTE-CLK" Name="Send_clock_utilization_routed.rpt"/>
  <File Type="ROUTE-BUS-SKEW-PB" Name="Send_bus_skew_routed.pb"/>
  <File Type="ROUTE-BUS-SKEW-RPX" Name="Send_bus_skew_routed.rpx"/>
  <File Type="POSTROUTE-PHYSOPT-DCP" Name="Send_postroute_physopt.dcp"/>
  <File Type="POSTROUTE-PHYSOPT-BLACKBOX-DCP" Name="Send_postroute_physopt_bb.dcp"/>
  <File Type="POSTROUTE-PHYSOPT-TIMING" Name="Send_timing_summary_postroute_physopted.rpt"/>
  <File Type="POSTROUTE-PHYSOPT-TIMING-PB" Name="Send_timing_summary_postroute_physopted.pb"/>
  <File Type="POSTROUTE-PHYSOPT-TIMING-RPX" Name="Send_timing_summary_postroute_physopted.rpx"/>
  <File Type="POSTROUTE-PHYSOPT-BUS-SKEW" Name="Send_bus_skew_postroute_physopted.rpt"/>
  <File Type="POSTROUTE-PHYSOPT-BUS-SKEW-PB" Name="Send_bus_skew_postroute_physopted.pb"/>
  <File Type="BG-BIT" Name="Send.bit"/>
  <File Type="POSTROUTE-PHYSOPT-BUS-SKEW-RPX" Name="Send_bus_skew_postroute_physopted.rpx"/>
  <File Type="BITSTR-RBT" Name="Send.rbt"/>
  <File Type="BITSTR-NKY" Name="Send.nky"/>
  <File Type="PDI-FILE" Name="Send.pdi"/>
  <File Type="RCFI_FILE" Name="Send.rcfi"/>
  <File Type="CFI_FILE" Name="Send.cfi"/>
  <File Type="RNPI_FILE" Name="Send.rnpi"/>
  <File Type="NPI_FILE" Name="Send.npi"/>
  <File Type="RBD_FILE" Name="Send.rbd"/>
  <File Type="BITSTR-LTX" Name="debug_nets.ltx"/>
  <File Type="BITSTR-LTX" Name="Send.ltx"/>
  <File Type="BITSTR-SYSDEF" Name="Send.sysdef"/>
  <File Type="BG-BGN" Name="Send.bgn"/>
  <File Type="BG-DRC" Name="Send.drc"/>
  <File Type="RDI-RDI" Name="Send.vdi"/>
  <File Type="WBT-USG" Name="usage_statistics_webtalk.html"/>
  <FileSet Name="sources" Type="DesignSrcs" RelSrcDir="$PSRCDIR/sources_1" RelGenDir="$PGENDIR/sources_1">
    <Filter Type="Srcs"/>
    <File Path="$PSRCDIR/sources_1/new/UartTx.v">
      <FileInfo>
        <Attr Name="UsedIn" Val="synthesis"/>
        <Attr Name="UsedIn" Val="implementation"/>
        <Attr Name="UsedIn" Val="simulation"/>
      </FileInfo>
    </File>
    <File Path="$PSRCDIR/sources_1/new/btn_rise_edge.v">
      <FileInfo>
        <Attr Name="UsedIn" Val="synthesis"/>
        <Attr Name="UsedIn" Val="implementation"/>
        <Attr Name="UsedIn" Val="simulation"/>
      </FileInfo>
    </File>
    <File Path="$PSRCDIR/sources_1/new/Send.v">
      <FileInfo>
        <Attr Name="UsedIn" Val="synthesis"/>
        <Attr Name="UsedIn" Val="implementation"/>
        <Attr Name="UsedIn" Val="simulation"/>
      </FileInfo>
    </File>
    <Config>
      <Option Name="DesignMode" Val="RTL"/>
      <Option Name="TopModule" Val="Send"/>
      <Option Name="TopAutoSet" Val="TRUE"/>
    </Config>
  </FileSet>
  <FileSet Name="constrs_in" Type="Constrs" RelSrcDir="$PSRCDIR/constrs_1">
    <Filter Type="Constrs"/>
    <File Path="$PSRCDIR/constrs_1/new/UartTx.xdc">
      <FileInfo>
        <Attr Name="UsedIn" Val="synthesis"/>
        <Attr Name="UsedIn" Val="implementation"/>
      </FileInfo>
    </File>
    <Config>
      <Option Name="TargetConstrsFile" Val="$PSRCDIR/constrs_1/new/UartTx.xdc"/>
      <Option Name="ConstrsType" Val="XDC"/>
    </Config>
  </FileSet>
  <FileSet Name="utils" Type="Utils" RelSrcDir="$PSRCDIR/utils_1">
    <Filter Type="Utils"/>
    <Config>
      <Option Name="TopAutoSet" Val="TRUE"/>
    </Config>
  </FileSet>
  <Strategy Version="1" Minor="2">
    <StratHandle Name="Vivado Implementation Defaults" Flow="Vivado Implementation 2020"/>
    <Step Id="init_design"/>
    <Step Id="opt_design"/>
    <Step Id="power_opt_design"/>
    <Step Id="place_design"/>
    <Step Id="post_place_power_opt_design"/>
    <Step Id="phys_opt_design"/>
    <Step Id="route_design"/>
    <Step Id="post_route_phys_opt_design"/>
    <Step Id="write_bitstream"/>
  </Strategy>
</GenRun>
