<?xml version="1.0" encoding="UTF-8"?>
<GenRun Id="impl_1" LaunchPart="xc7a35tcsg324-1" LaunchTime="1622549090">
  <File Type="BITSTR-BMM" Name="uart_string_bd.bmm"/>
  <File Type="OPT-METHODOLOGY-DRC" Name="uart_string_methodology_drc_opted.rpt"/>
  <File Type="INIT-TIMING" Name="uart_string_timing_summary_init.rpt"/>
  <File Type="ROUTE-PWR" Name="uart_string_power_routed.rpt"/>
  <File Type="PA-TCL" Name="uart_string.tcl"/>
  <File Type="OPT-TIMING" Name="uart_string_timing_summary_opted.rpt"/>
  <File Type="OPT-DCP" Name="uart_string_opt.dcp"/>
  <File Type="ROUTE-PWR-SUM" Name="uart_string_power_summary_routed.pb"/>
  <File Type="REPORTS-TCL" Name="uart_string_reports.tcl"/>
  <File Type="OPT-DRC" Name="uart_string_drc_opted.rpt"/>
  <File Type="OPT-HWDEF" Name="uart_string.hwdef"/>
  <File Type="PWROPT-DCP" Name="uart_string_pwropt.dcp"/>
  <File Type="PWROPT-DRC" Name="uart_string_drc_pwropted.rpt"/>
  <File Type="PWROPT-TIMING" Name="uart_string_timing_summary_pwropted.rpt"/>
  <File Type="PLACE-DCP" Name="uart_string_placed.dcp"/>
  <File Type="PLACE-IO" Name="uart_string_io_placed.rpt"/>
  <File Type="PLACE-CLK" Name="uart_string_clock_utilization_placed.rpt"/>
  <File Type="PLACE-UTIL" Name="uart_string_utilization_placed.rpt"/>
  <File Type="PLACE-UTIL-PB" Name="uart_string_utilization_placed.pb"/>
  <File Type="PLACE-CTRL" Name="uart_string_control_sets_placed.rpt"/>
  <File Type="PLACE-SIMILARITY" Name="uart_string_incremental_reuse_placed.rpt"/>
  <File Type="PLACE-PRE-SIMILARITY" Name="uart_string_incremental_reuse_pre_placed.rpt"/>
  <File Type="PLACE-TIMING" Name="uart_string_timing_summary_placed.rpt"/>
  <File Type="POSTPLACE-PWROPT-DCP" Name="uart_string_postplace_pwropt.dcp"/>
  <File Type="BG-BIN" Name="uart_string.bin"/>
  <File Type="POSTPLACE-PWROPT-TIMING" Name="uart_string_timing_summary_postplace_pwropted.rpt"/>
  <File Type="PHYSOPT-DCP" Name="uart_string_physopt.dcp"/>
  <File Type="PHYSOPT-DRC" Name="uart_string_drc_physopted.rpt"/>
  <File Type="BITSTR-MSK" Name="uart_string.msk"/>
  <File Type="PHYSOPT-TIMING" Name="uart_string_timing_summary_physopted.rpt"/>
  <File Type="ROUTE-ERROR-DCP" Name="uart_string_routed_error.dcp"/>
  <File Type="ROUTE-DCP" Name="uart_string_routed.dcp"/>
  <File Type="ROUTE-BLACKBOX-DCP" Name="uart_string_routed_bb.dcp"/>
  <File Type="ROUTE-DRC" Name="uart_string_drc_routed.rpt"/>
  <File Type="ROUTE-DRC-PB" Name="uart_string_drc_routed.pb"/>
  <File Type="ROUTE-DRC-RPX" Name="uart_string_drc_routed.rpx"/>
  <File Type="BITSTR-MMI" Name="uart_string.mmi"/>
  <File Type="ROUTE-METHODOLOGY-DRC" Name="uart_string_methodology_drc_routed.rpt"/>
  <File Type="ROUTE-METHODOLOGY-DRC-RPX" Name="uart_string_methodology_drc_routed.rpx"/>
  <File Type="ROUTE-METHODOLOGY-DRC-PB" Name="uart_string_methodology_drc_routed.pb"/>
  <File Type="ROUTE-PWR-RPX" Name="uart_string_power_routed.rpx"/>
  <File Type="ROUTE-STATUS" Name="uart_string_route_status.rpt"/>
  <File Type="ROUTE-STATUS-PB" Name="uart_string_route_status.pb"/>
  <File Type="ROUTE-TIMINGSUMMARY" Name="uart_string_timing_summary_routed.rpt"/>
  <File Type="ROUTE-TIMING-PB" Name="uart_string_timing_summary_routed.pb"/>
  <File Type="ROUTE-TIMING-RPX" Name="uart_string_timing_summary_routed.rpx"/>
  <File Type="ROUTE-SIMILARITY" Name="uart_string_incremental_reuse_routed.rpt"/>
  <File Type="ROUTE-CLK" Name="uart_string_clock_utilization_routed.rpt"/>
  <File Type="ROUTE-BUS-SKEW" Name="uart_string_bus_skew_routed.rpt"/>
  <File Type="ROUTE-BUS-SKEW-PB" Name="uart_string_bus_skew_routed.pb"/>
  <File Type="ROUTE-BUS-SKEW-RPX" Name="uart_string_bus_skew_routed.rpx"/>
  <File Type="POSTROUTE-PHYSOPT-DCP" Name="uart_string_postroute_physopt.dcp"/>
  <File Type="POSTROUTE-PHYSOPT-BLACKBOX-DCP" Name="uart_string_postroute_physopt_bb.dcp"/>
  <File Type="POSTROUTE-PHYSOPT-TIMING" Name="uart_string_timing_summary_postroute_physopted.rpt"/>
  <File Type="POSTROUTE-PHYSOPT-TIMING-PB" Name="uart_string_timing_summary_postroute_physopted.pb"/>
  <File Type="POSTROUTE-PHYSOPT-TIMING-RPX" Name="uart_string_timing_summary_postroute_physopted.rpx"/>
  <File Type="POSTROUTE-PHYSOPT-BUS-SKEW" Name="uart_string_bus_skew_postroute_physopted.rpt"/>
  <File Type="POSTROUTE-PHYSOPT-BUS-SKEW-PB" Name="uart_string_bus_skew_postroute_physopted.pb"/>
  <File Type="BG-BIT" Name="uart_string.bit"/>
  <File Type="POSTROUTE-PHYSOPT-BUS-SKEW-RPX" Name="uart_string_bus_skew_postroute_physopted.rpx"/>
  <File Type="BITSTR-RBT" Name="uart_string.rbt"/>
  <File Type="BITSTR-NKY" Name="uart_string.nky"/>
  <File Type="PDI-FILE" Name="uart_string.pdi"/>
  <File Type="RCFI_FILE" Name="uart_string.rcfi"/>
  <File Type="CFI_FILE" Name="uart_string.cfi"/>
  <File Type="RNPI_FILE" Name="uart_string.rnpi"/>
  <File Type="NPI_FILE" Name="uart_string.npi"/>
  <File Type="RBD_FILE" Name="uart_string.rbd"/>
  <File Type="BITSTR-LTX" Name="debug_nets.ltx"/>
  <File Type="BITSTR-LTX" Name="uart_string.ltx"/>
  <File Type="BITSTR-SYSDEF" Name="uart_string.sysdef"/>
  <File Type="BG-BGN" Name="uart_string.bgn"/>
  <File Type="BG-DRC" Name="uart_string.drc"/>
  <File Type="RDI-RDI" Name="uart_string.vdi"/>
  <File Type="WBT-USG" Name="usage_statistics_webtalk.html"/>
  <FileSet Name="sources" Type="DesignSrcs" RelSrcDir="$PSRCDIR/sources_1" RelGenDir="$PGENDIR/sources_1">
    <Filter Type="Srcs"/>
    <File Path="$PSRCDIR/sources_1/new/btn_rise_edge.v">
      <FileInfo>
        <Attr Name="UsedIn" Val="synthesis"/>
        <Attr Name="UsedIn" Val="implementation"/>
        <Attr Name="UsedIn" Val="simulation"/>
      </FileInfo>
    </File>
    <File Path="$PSRCDIR/sources_1/new/clock.v">
      <FileInfo>
        <Attr Name="UsedIn" Val="synthesis"/>
        <Attr Name="UsedIn" Val="implementation"/>
        <Attr Name="UsedIn" Val="simulation"/>
      </FileInfo>
    </File>
    <File Path="$PSRCDIR/sources_1/new/uarttx.v">
      <FileInfo>
        <Attr Name="UsedIn" Val="synthesis"/>
        <Attr Name="UsedIn" Val="implementation"/>
        <Attr Name="UsedIn" Val="simulation"/>
      </FileInfo>
    </File>
    <File Path="$PSRCDIR/sources_1/new/uart_tx1.v">
      <FileInfo>
        <Attr Name="UsedIn" Val="synthesis"/>
        <Attr Name="UsedIn" Val="implementation"/>
        <Attr Name="UsedIn" Val="simulation"/>
      </FileInfo>
    </File>
    <Config>
      <Option Name="DesignMode" Val="RTL"/>
      <Option Name="TopModule" Val="uart_string"/>
      <Option Name="TopAutoSet" Val="TRUE"/>
    </Config>
  </FileSet>
  <FileSet Name="constrs_in" Type="Constrs" RelSrcDir="$PSRCDIR/constrs_1">
    <Filter Type="Constrs"/>
    <File Path="$PSRCDIR/constrs_1/new/UART.xdc">
      <FileInfo>
        <Attr Name="UsedIn" Val="synthesis"/>
        <Attr Name="UsedIn" Val="implementation"/>
      </FileInfo>
    </File>
    <Config>
      <Option Name="TargetConstrsFile" Val="$PSRCDIR/constrs_1/new/UART.xdc"/>
      <Option Name="ConstrsType" Val="XDC"/>
    </Config>
  </FileSet>
  <FileSet Name="utils" Type="Utils" RelSrcDir="$PSRCDIR/utils_1">
    <Filter Type="Utils"/>
    <Config>
      <Option Name="TopAutoSet" Val="TRUE"/>
    </Config>
  </FileSet>
  <Strategy Version="1" Minor="2">
    <StratHandle Name="Vivado Implementation Defaults" Flow="Vivado Implementation 2020"/>
    <Step Id="init_design"/>
    <Step Id="opt_design"/>
    <Step Id="power_opt_design"/>
    <Step Id="place_design"/>
    <Step Id="post_place_power_opt_design"/>
    <Step Id="phys_opt_design"/>
    <Step Id="route_design"/>
    <Step Id="post_route_phys_opt_design"/>
    <Step Id="write_bitstream"/>
  </Strategy>
</GenRun>
