<?xml version="1.0" encoding="UTF-8"?>
<GenRun Id="impl_1" LaunchPart="xc7a35tcsg324-1" LaunchTime="1623138005">
  <File Type="BITSTR-BMM" Name="Freq_bd.bmm"/>
  <File Type="OPT-METHODOLOGY-DRC" Name="Freq_methodology_drc_opted.rpt"/>
  <File Type="INIT-TIMING" Name="Freq_timing_summary_init.rpt"/>
  <File Type="ROUTE-PWR" Name="Freq_power_routed.rpt"/>
  <File Type="PA-TCL" Name="Freq.tcl"/>
  <File Type="OPT-TIMING" Name="Freq_timing_summary_opted.rpt"/>
  <File Type="OPT-DCP" Name="Freq_opt.dcp"/>
  <File Type="ROUTE-PWR-SUM" Name="Freq_power_summary_routed.pb"/>
  <File Type="REPORTS-TCL" Name="Freq_reports.tcl"/>
  <File Type="OPT-DRC" Name="Freq_drc_opted.rpt"/>
  <File Type="OPT-HWDEF" Name="Freq.hwdef"/>
  <File Type="PWROPT-DCP" Name="Freq_pwropt.dcp"/>
  <File Type="PWROPT-DRC" Name="Freq_drc_pwropted.rpt"/>
  <File Type="PWROPT-TIMING" Name="Freq_timing_summary_pwropted.rpt"/>
  <File Type="PLACE-DCP" Name="Freq_placed.dcp"/>
  <File Type="PLACE-IO" Name="Freq_io_placed.rpt"/>
  <File Type="PLACE-CLK" Name="Freq_clock_utilization_placed.rpt"/>
  <File Type="PLACE-UTIL" Name="Freq_utilization_placed.rpt"/>
  <File Type="PLACE-UTIL-PB" Name="Freq_utilization_placed.pb"/>
  <File Type="PLACE-CTRL" Name="Freq_control_sets_placed.rpt"/>
  <File Type="PLACE-SIMILARITY" Name="Freq_incremental_reuse_placed.rpt"/>
  <File Type="PLACE-PRE-SIMILARITY" Name="Freq_incremental_reuse_pre_placed.rpt"/>
  <File Type="PLACE-TIMING" Name="Freq_timing_summary_placed.rpt"/>
  <File Type="POSTPLACE-PWROPT-DCP" Name="Freq_postplace_pwropt.dcp"/>
  <File Type="BG-BIN" Name="Freq.bin"/>
  <File Type="POSTPLACE-PWROPT-TIMING" Name="Freq_timing_summary_postplace_pwropted.rpt"/>
  <File Type="PHYSOPT-DCP" Name="Freq_physopt.dcp"/>
  <File Type="PHYSOPT-DRC" Name="Freq_drc_physopted.rpt"/>
  <File Type="BITSTR-MSK" Name="Freq.msk"/>
  <File Type="PHYSOPT-TIMING" Name="Freq_timing_summary_physopted.rpt"/>
  <File Type="ROUTE-ERROR-DCP" Name="Freq_routed_error.dcp"/>
  <File Type="ROUTE-DCP" Name="Freq_routed.dcp"/>
  <File Type="ROUTE-BLACKBOX-DCP" Name="Freq_routed_bb.dcp"/>
  <File Type="ROUTE-DRC" Name="Freq_drc_routed.rpt"/>
  <File Type="ROUTE-DRC-PB" Name="Freq_drc_routed.pb"/>
  <File Type="ROUTE-DRC-RPX" Name="Freq_drc_routed.rpx"/>
  <File Type="BITSTR-MMI" Name="Freq.mmi"/>
  <File Type="ROUTE-METHODOLOGY-DRC" Name="Freq_methodology_drc_routed.rpt"/>
  <File Type="ROUTE-METHODOLOGY-DRC-RPX" Name="Freq_methodology_drc_routed.rpx"/>
  <File Type="ROUTE-METHODOLOGY-DRC-PB" Name="Freq_methodology_drc_routed.pb"/>
  <File Type="ROUTE-PWR-RPX" Name="Freq_power_routed.rpx"/>
  <File Type="ROUTE-STATUS" Name="Freq_route_status.rpt"/>
  <File Type="ROUTE-STATUS-PB" Name="Freq_route_status.pb"/>
  <File Type="ROUTE-TIMINGSUMMARY" Name="Freq_timing_summary_routed.rpt"/>
  <File Type="ROUTE-TIMING-PB" Name="Freq_timing_summary_routed.pb"/>
  <File Type="ROUTE-TIMING-RPX" Name="Freq_timing_summary_routed.rpx"/>
  <File Type="ROUTE-SIMILARITY" Name="Freq_incremental_reuse_routed.rpt"/>
  <File Type="ROUTE-CLK" Name="Freq_clock_utilization_routed.rpt"/>
  <File Type="ROUTE-BUS-SKEW" Name="Freq_bus_skew_routed.rpt"/>
  <File Type="ROUTE-BUS-SKEW-PB" Name="Freq_bus_skew_routed.pb"/>
  <File Type="ROUTE-BUS-SKEW-RPX" Name="Freq_bus_skew_routed.rpx"/>
  <File Type="POSTROUTE-PHYSOPT-DCP" Name="Freq_postroute_physopt.dcp"/>
  <File Type="POSTROUTE-PHYSOPT-BLACKBOX-DCP" Name="Freq_postroute_physopt_bb.dcp"/>
  <File Type="POSTROUTE-PHYSOPT-TIMING" Name="Freq_timing_summary_postroute_physopted.rpt"/>
  <File Type="POSTROUTE-PHYSOPT-TIMING-PB" Name="Freq_timing_summary_postroute_physopted.pb"/>
  <File Type="POSTROUTE-PHYSOPT-TIMING-RPX" Name="Freq_timing_summary_postroute_physopted.rpx"/>
  <File Type="POSTROUTE-PHYSOPT-BUS-SKEW" Name="Freq_bus_skew_postroute_physopted.rpt"/>
  <File Type="POSTROUTE-PHYSOPT-BUS-SKEW-PB" Name="Freq_bus_skew_postroute_physopted.pb"/>
  <File Type="BG-BIT" Name="Freq.bit"/>
  <File Type="POSTROUTE-PHYSOPT-BUS-SKEW-RPX" Name="Freq_bus_skew_postroute_physopted.rpx"/>
  <File Type="BITSTR-RBT" Name="Freq.rbt"/>
  <File Type="BITSTR-NKY" Name="Freq.nky"/>
  <File Type="PDI-FILE" Name="Freq.pdi"/>
  <File Type="RCFI_FILE" Name="Freq.rcfi"/>
  <File Type="CFI_FILE" Name="Freq.cfi"/>
  <File Type="RNPI_FILE" Name="Freq.rnpi"/>
  <File Type="NPI_FILE" Name="Freq.npi"/>
  <File Type="RBD_FILE" Name="Freq.rbd"/>
  <File Type="BITSTR-LTX" Name="debug_nets.ltx"/>
  <File Type="BITSTR-LTX" Name="Freq.ltx"/>
  <File Type="BITSTR-SYSDEF" Name="Freq.sysdef"/>
  <File Type="BG-BGN" Name="Freq.bgn"/>
  <File Type="BG-DRC" Name="Freq.drc"/>
  <File Type="RDI-RDI" Name="Freq.vdi"/>
  <File Type="WBT-USG" Name="usage_statistics_webtalk.html"/>
  <FileSet Name="sources" Type="DesignSrcs" RelSrcDir="$PSRCDIR/sources_1" RelGenDir="$PGENDIR/sources_1">
    <Filter Type="Srcs"/>
    <File Path="$PSRCDIR/sources_1/new/number.v">
      <FileInfo>
        <Attr Name="UsedIn" Val="synthesis"/>
        <Attr Name="UsedIn" Val="implementation"/>
        <Attr Name="UsedIn" Val="simulation"/>
      </FileInfo>
    </File>
    <File Path="$PSRCDIR/sources_1/new/Freq.v">
      <FileInfo>
        <Attr Name="UsedIn" Val="synthesis"/>
        <Attr Name="UsedIn" Val="implementation"/>
        <Attr Name="UsedIn" Val="simulation"/>
      </FileInfo>
    </File>
    <Config>
      <Option Name="DesignMode" Val="RTL"/>
      <Option Name="TopModule" Val="Freq"/>
      <Option Name="TopAutoSet" Val="TRUE"/>
    </Config>
  </FileSet>
  <FileSet Name="constrs_in" Type="Constrs" RelSrcDir="$PSRCDIR/constrs_1">
    <Filter Type="Constrs"/>
    <File Path="$PSRCDIR/constrs_1/new/number8.xdc">
      <FileInfo>
        <Attr Name="UsedIn" Val="synthesis"/>
        <Attr Name="UsedIn" Val="implementation"/>
      </FileInfo>
    </File>
    <Config>
      <Option Name="TargetConstrsFile" Val="$PSRCDIR/constrs_1/new/number8.xdc"/>
      <Option Name="ConstrsType" Val="XDC"/>
    </Config>
  </FileSet>
  <FileSet Name="utils" Type="Utils" RelSrcDir="$PSRCDIR/utils_1">
    <Filter Type="Utils"/>
    <Config>
      <Option Name="TopAutoSet" Val="TRUE"/>
    </Config>
  </FileSet>
  <Strategy Version="1" Minor="2">
    <StratHandle Name="Vivado Implementation Defaults" Flow="Vivado Implementation 2020"/>
    <Step Id="init_design"/>
    <Step Id="opt_design"/>
    <Step Id="power_opt_design"/>
    <Step Id="place_design"/>
    <Step Id="post_place_power_opt_design"/>
    <Step Id="phys_opt_design"/>
    <Step Id="route_design"/>
    <Step Id="post_route_phys_opt_design"/>
    <Step Id="write_bitstream"/>
  </Strategy>
</GenRun>
