<?xml version="1.0" encoding="UTF-8"?>
<GenRun Id="impl_1" LaunchPart="xc7a35tcsg324-1" LaunchTime="1623130785">
  <File Type="BITSTR-BMM" Name="disnum_bd.bmm"/>
  <File Type="OPT-METHODOLOGY-DRC" Name="disnum_methodology_drc_opted.rpt"/>
  <File Type="INIT-TIMING" Name="disnum_timing_summary_init.rpt"/>
  <File Type="ROUTE-PWR" Name="disnum_power_routed.rpt"/>
  <File Type="PA-TCL" Name="disnum.tcl"/>
  <File Type="OPT-TIMING" Name="disnum_timing_summary_opted.rpt"/>
  <File Type="OPT-DCP" Name="disnum_opt.dcp"/>
  <File Type="ROUTE-PWR-SUM" Name="disnum_power_summary_routed.pb"/>
  <File Type="REPORTS-TCL" Name="disnum_reports.tcl"/>
  <File Type="OPT-DRC" Name="disnum_drc_opted.rpt"/>
  <File Type="OPT-HWDEF" Name="disnum.hwdef"/>
  <File Type="PWROPT-DCP" Name="disnum_pwropt.dcp"/>
  <File Type="PWROPT-DRC" Name="disnum_drc_pwropted.rpt"/>
  <File Type="PWROPT-TIMING" Name="disnum_timing_summary_pwropted.rpt"/>
  <File Type="PLACE-DCP" Name="disnum_placed.dcp"/>
  <File Type="PLACE-IO" Name="disnum_io_placed.rpt"/>
  <File Type="PLACE-CLK" Name="disnum_clock_utilization_placed.rpt"/>
  <File Type="PLACE-UTIL" Name="disnum_utilization_placed.rpt"/>
  <File Type="PLACE-UTIL-PB" Name="disnum_utilization_placed.pb"/>
  <File Type="PLACE-CTRL" Name="disnum_control_sets_placed.rpt"/>
  <File Type="PLACE-SIMILARITY" Name="disnum_incremental_reuse_placed.rpt"/>
  <File Type="PLACE-PRE-SIMILARITY" Name="disnum_incremental_reuse_pre_placed.rpt"/>
  <File Type="PLACE-TIMING" Name="disnum_timing_summary_placed.rpt"/>
  <File Type="POSTPLACE-PWROPT-DCP" Name="disnum_postplace_pwropt.dcp"/>
  <File Type="BG-BIN" Name="disnum.bin"/>
  <File Type="POSTPLACE-PWROPT-TIMING" Name="disnum_timing_summary_postplace_pwropted.rpt"/>
  <File Type="PHYSOPT-DCP" Name="disnum_physopt.dcp"/>
  <File Type="PHYSOPT-DRC" Name="disnum_drc_physopted.rpt"/>
  <File Type="BITSTR-MSK" Name="disnum.msk"/>
  <File Type="PHYSOPT-TIMING" Name="disnum_timing_summary_physopted.rpt"/>
  <File Type="ROUTE-ERROR-DCP" Name="disnum_routed_error.dcp"/>
  <File Type="ROUTE-DCP" Name="disnum_routed.dcp"/>
  <File Type="ROUTE-BLACKBOX-DCP" Name="disnum_routed_bb.dcp"/>
  <File Type="ROUTE-DRC" Name="disnum_drc_routed.rpt"/>
  <File Type="ROUTE-DRC-PB" Name="disnum_drc_routed.pb"/>
  <File Type="ROUTE-DRC-RPX" Name="disnum_drc_routed.rpx"/>
  <File Type="BITSTR-MMI" Name="disnum.mmi"/>
  <File Type="ROUTE-METHODOLOGY-DRC" Name="disnum_methodology_drc_routed.rpt"/>
  <File Type="ROUTE-METHODOLOGY-DRC-RPX" Name="disnum_methodology_drc_routed.rpx"/>
  <File Type="ROUTE-METHODOLOGY-DRC-PB" Name="disnum_methodology_drc_routed.pb"/>
  <File Type="ROUTE-PWR-RPX" Name="disnum_power_routed.rpx"/>
  <File Type="ROUTE-STATUS" Name="disnum_route_status.rpt"/>
  <File Type="ROUTE-STATUS-PB" Name="disnum_route_status.pb"/>
  <File Type="ROUTE-TIMINGSUMMARY" Name="disnum_timing_summary_routed.rpt"/>
  <File Type="ROUTE-TIMING-PB" Name="disnum_timing_summary_routed.pb"/>
  <File Type="ROUTE-TIMING-RPX" Name="disnum_timing_summary_routed.rpx"/>
  <File Type="ROUTE-SIMILARITY" Name="disnum_incremental_reuse_routed.rpt"/>
  <File Type="ROUTE-CLK" Name="disnum_clock_utilization_routed.rpt"/>
  <File Type="ROUTE-BUS-SKEW" Name="disnum_bus_skew_routed.rpt"/>
  <File Type="ROUTE-BUS-SKEW-PB" Name="disnum_bus_skew_routed.pb"/>
  <File Type="ROUTE-BUS-SKEW-RPX" Name="disnum_bus_skew_routed.rpx"/>
  <File Type="POSTROUTE-PHYSOPT-DCP" Name="disnum_postroute_physopt.dcp"/>
  <File Type="POSTROUTE-PHYSOPT-BLACKBOX-DCP" Name="disnum_postroute_physopt_bb.dcp"/>
  <File Type="POSTROUTE-PHYSOPT-TIMING" Name="disnum_timing_summary_postroute_physopted.rpt"/>
  <File Type="POSTROUTE-PHYSOPT-TIMING-PB" Name="disnum_timing_summary_postroute_physopted.pb"/>
  <File Type="POSTROUTE-PHYSOPT-TIMING-RPX" Name="disnum_timing_summary_postroute_physopted.rpx"/>
  <File Type="POSTROUTE-PHYSOPT-BUS-SKEW" Name="disnum_bus_skew_postroute_physopted.rpt"/>
  <File Type="POSTROUTE-PHYSOPT-BUS-SKEW-PB" Name="disnum_bus_skew_postroute_physopted.pb"/>
  <File Type="BG-BIT" Name="disnum.bit"/>
  <File Type="POSTROUTE-PHYSOPT-BUS-SKEW-RPX" Name="disnum_bus_skew_postroute_physopted.rpx"/>
  <File Type="BITSTR-RBT" Name="disnum.rbt"/>
  <File Type="BITSTR-NKY" Name="disnum.nky"/>
  <File Type="PDI-FILE" Name="disnum.pdi"/>
  <File Type="RCFI_FILE" Name="disnum.rcfi"/>
  <File Type="CFI_FILE" Name="disnum.cfi"/>
  <File Type="RNPI_FILE" Name="disnum.rnpi"/>
  <File Type="NPI_FILE" Name="disnum.npi"/>
  <File Type="RBD_FILE" Name="disnum.rbd"/>
  <File Type="BITSTR-LTX" Name="debug_nets.ltx"/>
  <File Type="BITSTR-LTX" Name="disnum.ltx"/>
  <File Type="BITSTR-SYSDEF" Name="disnum.sysdef"/>
  <File Type="BG-BGN" Name="disnum.bgn"/>
  <File Type="BG-DRC" Name="disnum.drc"/>
  <File Type="RDI-RDI" Name="disnum.vdi"/>
  <File Type="WBT-USG" Name="usage_statistics_webtalk.html"/>
  <FileSet Name="sources" Type="DesignSrcs" RelSrcDir="$PSRCDIR/sources_1" RelGenDir="$PGENDIR/sources_1">
    <Filter Type="Srcs"/>
    <File Path="$PPRDIR/number.v">
      <FileInfo>
        <Attr Name="UsedIn" Val="synthesis"/>
        <Attr Name="UsedIn" Val="implementation"/>
        <Attr Name="UsedIn" Val="simulation"/>
      </FileInfo>
    </File>
    <File Path="$PPRDIR/timer.v">
      <FileInfo>
        <Attr Name="UsedIn" Val="synthesis"/>
        <Attr Name="UsedIn" Val="implementation"/>
        <Attr Name="UsedIn" Val="simulation"/>
      </FileInfo>
    </File>
    <Config>
      <Option Name="DesignMode" Val="RTL"/>
      <Option Name="TopModule" Val="disnum"/>
      <Option Name="TopAutoSet" Val="TRUE"/>
    </Config>
  </FileSet>
  <FileSet Name="constrs_in" Type="Constrs" RelSrcDir="$PSRCDIR/constrs_1">
    <Filter Type="Constrs"/>
    <File Path="$PSRCDIR/constrs_1/new/number8.xdc">
      <FileInfo>
        <Attr Name="UsedIn" Val="synthesis"/>
        <Attr Name="UsedIn" Val="implementation"/>
      </FileInfo>
    </File>
    <Config>
      <Option Name="TargetConstrsFile" Val="$PSRCDIR/constrs_1/new/number8.xdc"/>
      <Option Name="ConstrsType" Val="XDC"/>
    </Config>
  </FileSet>
  <FileSet Name="utils" Type="Utils" RelSrcDir="$PSRCDIR/utils_1">
    <Filter Type="Utils"/>
    <Config>
      <Option Name="TopAutoSet" Val="TRUE"/>
    </Config>
  </FileSet>
  <Strategy Version="1" Minor="2">
    <StratHandle Name="Vivado Implementation Defaults" Flow="Vivado Implementation 2020"/>
    <Step Id="init_design"/>
    <Step Id="opt_design"/>
    <Step Id="power_opt_design"/>
    <Step Id="place_design"/>
    <Step Id="post_place_power_opt_design"/>
    <Step Id="phys_opt_design"/>
    <Step Id="route_design"/>
    <Step Id="post_route_phys_opt_design"/>
    <Step Id="write_bitstream"/>
  </Strategy>
</GenRun>
